id;name;elevation;gps
1;Louisiana payment Turkey;82661;Identity
2;Triple-buffered engage Operations;71358;Producer Tools info-mediaries
3;Avon;96580;Money Market Account Cambridgeshire
4;Optimized USB;19822;Money Market Account Fish mobile
5;withdrawal;37977;recontextualize
6;programming Liaison;66906;leverage Movies e-tailers
7;seize Neck indexing;10677;Table
8;hybrid primary Indiana;97224;Tactics syndicate Handcrafted
9;Chilean Peso Unidades de fomento;27789;Fantastic Frozen Pants Fish
10;Directives matrix;4154;PNG
