id;name;extension;elevacion;description
1;Plaza Home Loan Account bluetooth;24538;73006;Summit customized
2;bandwidth withdrawal;9694;29084;Bacon Orchestrator pink
3;Grass-roots Croatian Kuna Senior;1208;20119;Gorgeous Avon Keyboard
4;card Handcrafted Metal Bacon scale;32664;32602;interface West Virginia JSON
5;Global;11950;40825;Incredible IB envisioneer
6;orchestration;92467;57966;Ergonomic Movies
7;Arizona;23253;79321;Refined Wisconsin Practical
8;Fantastic Granite Chicken Rwanda Franc;96892;51989;Developer turn-key matrix
9;info-mediaries Home;73182;2617;Frozen logistical Union
10;Cotton AI;26426;80127;extranet cross-platform viral
